1, 80.9697900431225
2.0000000000000284, 85.2420342637108
3, 91.62865347825546
4, 92.67819270533036
5, 89.80797072558016
6, 88.59083287806247
7.000000000000028, 89.1135853482536
8, 89.38588055414044
9.000000000000028, 91.46771177497904
10, 96.93214159966564
11, 96.91618067611071
12.000000000000028, 88.09558955366184
13, 88.62831740774507
14.000000000000028, 90.52864883775443
15, 91.93743753518321
16, 92.16794570953445
17.00000000000003, 90.48959739247293
18, 95.74619021814728
19, 93.32550670620978
20, 90.78478424874078
21, 90.24538895745799
22.00000000000003, 94.41660773927518
23.00000000000003, 102.40068981005842
24, 103.24240684193661
25, 97.96467817846326
26, 94.91473121846884
27.00000000000003, 85.45239205409133
28.00000000000003, 73.03502932402164
29, 73.63246387855038
30, 70.76544443435856
31.00000000000003, 76.72695349289397
32.00000000000003, 92.01216215132294
33.00000000000003, 94.46957291721063
34, 93.86621131005381
35, 92.17710260769708
36.00000000000003, 78.6479159906275
37.00000000000003, 62.465709951273155
38.00000000000003, 56.11530695721012
39, 55.332278471826086
40, 55.71924582898626
41.00000000000003, 46.16055590552557
42.00000000000003, 45.43874588756489
43, 47.59722783089302
44, 44.82494618222944
45, 44.304351935948816
46.00000000000003, 45.370613454841134
47.00000000000003, 45.799018358683156
48, 42.99573442234794
49, 41.27873631965403
50, 40.790636762655495
51.00000000000003, 38.90918120200311
52.00000000000003, 42.5207126114628
53, 46.22779706532735
54, 42.98972828470352
55, 42.88432097600973
56.00000000000003, 42.571328002648954
57.00000000000003, 44.44014891828414
57.99999999999997, 43.46020702690919
59.00000000000003, 40.47219505871203
59.99999999999997, 39.184084948179276
60.99999999999997, 33.55858652091615
61.99999999999997, 26.225850458472735
62.99999999999997, 24.59525942796546
64.00000000000003, 29.402389277669585
64.99999999999997, 31.05903416995548
65.99999999999997, 26.190320829942152
66.99999999999997, 23.5616414289955
67.99999999999997, 23.473483078935402
69.00000000000003, 25.61650760962877
69.99999999999997, 25.39642034329009
70.99999999999997, 24.381072960694183
71.99999999999997, 23.595297878440363
72.99999999999997, 21.64095461122926
74.00000000000003, 19.031384185398878
74.99999999999997, 24.949787743843643
75.99999999999997, 27.645756251944334
76.99999999999997, 24.959848758373795
77.99999999999997, 25.069785120911632
79.00000000000003, 23.744594189865353
79.99999999999997, 25.07452920338463
80.99999999999997, 19.791847604697722
81.99999999999997, 18.082839057687096
82.99999999999997, 21.123397084325745
84.00000000000003, 20.87056355746759
84.99999999999997, 17.709672257270512
85.99999999999997, 16.017550996210844
86.99999999999997, 16.047599028609568
87.99999999999997, 19.57417625264378
89.00000000000003, 26.447756228180708
89.99999999999997, 25.66030050162462
90.99999999999997, 18.21800619985666
91.99999999999997, 17.89927043152923
92.99999999999997, 17.956631114097547
94.00000000000003, 18.978644611406025
94.99999999999997, 19.251776880604297
95.99999999999997, 28.98112577101486
96.99999999999997, 28.053695897420567
97.99999999999997, 26.04211474251113
99.00000000000003, 27.137392379993116
99.99999999999997, 26.77144673856324
100.99999999999997, 27.676237466450715
101.99999999999997, 28.373704859019966
102.99999999999997, 26.946866099536038
104.00000000000003, 25.601726465985024
104.99999999999997, 26.442924871237352
105.99999999999997, 27.06679569933442
106.99999999999997, 25.599881257140623
108.00000000000003, 30.487511404229934
108.99999999999997, 32.191614446144
109.99999999999997, 26.770556303123556
110.99999999999997, 24.35415795750376
111.99999999999997, 24.930692932903327
113.00000000000003, 24.68953327749736
113.99999999999997, 20.000980856613864
114.99999999999997, 15.81481457714986
115.99999999999997, 16.39944301746982
116.99999999999997, 18.912445689077543
118.00000000000003, 17.4476895746306
118.99999999999997, 16.875948776451338
119.99999999999997, 18.09227838135655
120.99999999999997, 20.141491127976423
121.99999999999997, 27.457657018763825
123.00000000000003, 44.027024658923295
123.99999999999997, 49.48142051760479
124.99999999999997, 43.42156417882295
125.99999999999997, 38.74992782965464
126.99999999999997, 41.98410246912772
128.00000000000003, 44.22145601269264
128.99999999999997, 30.707884071214465
129.99999999999997, 18.804473242159105
130.99999999999997, 14.5482701084579
131.99999999999997, 14.033682081675096
133.00000000000003, 16.108017044236703
133.99999999999997, 15.14460369895238
134.99999999999997, 13.295890357569675
135.99999999999997, 15.064987049399349
136.99999999999997, 13.679273942798261
138.00000000000003, 12.848922894898209
138.99999999999997, 13.374025746357802
139.99999999999997, 10.761649231434802
140.99999999999997, 11.0740992072609
141.99999999999997, 13.035889371800863
143.00000000000003, 13.786050961589808
143.99999999999997, 9.90289104950665
144.99999999999997, 10.891502829325503
145.99999999999997, 14.135548734091259
146.99999999999997, 9.239143914967059
148.00000000000003, 8.36134102398563
148.99999999999997, 8.855723937379736
149.99999999999997, 14.085319730719448
150.99999999999997, 21.14867875452265
151.99999999999997, 17.68964042441172
153.00000000000003, 20.378294765837524
153.99999999999997, 22.31230206944332
154.99999999999997, 19.98808232436261
155.99999999999997, 19.03686709685732
157.00000000000003, 13.135328411537813
158.00000000000003, 7.600354003634578
158.99999999999997, 7.833995477220128
159.99999999999997, 7.417472035754031
160.99999999999997, 8.056364336169082
162.00000000000003, 8.803561562578466
163.00000000000003, 8.630538022684163
163.99999999999997, 7.073838875199925
164.99999999999997, 6.2436583261452085
165.99999999999997, 6.900600077805024
167.00000000000003, 6.340183897702275
168.00000000000003, 6.3571775235431005
168.99999999999997, 6.7957937642390505
169.99999999999997, 6.6650429219060925
170.99999999999997, 8.877828647358996
172.00000000000003, 14.932202554276017
172.99999999999997, 12.283721377798457
173.99999999999997, 9.07973996449931
174.99999999999997, 8.700452877987601
175.99999999999997, 9.077763094100533
177.00000000000003, 9.527054425698765
177.99999999999997, 10.557035831105168
178.99999999999997, 10.931184336113148
179.99999999999997, 9.7871047233495
180.99999999999997, 11.085328371564373
182.00000000000003, 11.500654533002688
182.99999999999997, 10.7779854233369
183.99999999999997, 12.938596758463689
184.99999999999997, 12.770088346693683
185.99999999999997, 11.722641003894125
187.00000000000003, 13.377809598069689
187.99999999999997, 12.424153124649592
188.99999999999997, 13.137732682744058
189.99999999999997, 14.251013205358191
190.99999999999997, 7.51076448678009
192.00000000000003, 11.162560657790209
192.99999999999997, 14.218678654543652
193.99999999999997, 14.430676313362625
194.99999999999997, 12.471460623843967
195.99999999999997, 12.736329246631357
197.00000000000003, 17.2417651008698
197.99999999999997, 11.700966416412882
198.99999999999997, 10.6555775083053
199.99999999999997, 13.88268841538445
200.99999999999997, 13.974850449133811
202.00000000000003, 15.00378307785141
202.99999999999997, 10.547596878561421
203.99999999999997, 10.802249506068307
204.99999999999997, 13.674902273539402
206.00000000000003, 12.529143564404137
207.00000000000003, 12.7233926385627
207.99999999999997, 15.7464940091362
208.99999999999997, 13.716709996710733
209.99999999999997, 8.94712952510693
211.00000000000003, 9.521840945262284
212.00000000000003, 11.18900290685383
212.99999999999997, 12.173714624324504
213.99999999999997, 12.526307429184186
214.99999999999997, 11.774274881554959
216.00000000000003, 11.339329413909269
217.00000000000003, 6.862885812167946
217.99999999999997, 4.051095381125123
218.99999999999997, 2.5757394306003505
219.99999999999997, 1.771035420387733
221.00000000000003, 4.810514657627635
222.00000000000003, 5.719364163642524
222.99999999999997, 5.963908095390337
223.99999999999997, 4.994188637288829
224.99999999999997, 4.081829346396944
226.00000000000003, 3.716760171809682
227.00000000000003, 4.671619774328576
227.99999999999997, 4.676353447459547
228.99999999999997, 4.275014778011155
229.99999999999997, 6.187275953450012
231.00000000000003, 6.586975366653917
232.00000000000003, 5.763962237478751
232.99999999999997, 6.060622624841244
233.99999999999997, 4.901068651061735
234.99999999999997, 5.266154389824749
235.99999999999997, 5.052106408178787
236.99999999999997, 4.22853704840611
237.99999999999997, 5.36503281874775
238.99999999999997, 5.026087422295404
239.99999999999997, 4.463456453897209
241.00000000000003, 8.398750880078154
242.00000000000003, 13.993458216567063
243.00000000000003, 14.3013802596559
244.00000000000003, 11.705528469978702
244.99999999999997, 11.301973435008222
245.99999999999997, 10.17124265351859
246.99999999999997, 11.236255189964254
247.99999999999997, 12.643872300815701
248.99999999999997, 6.954197441551372
249.99999999999997, 8.035045164756156
251.00000000000003, 7.809618376062673
252.00000000000003, 6.6966440326017675
253.00000000000003, 4.881877839889597
254.00000000000003, 7.052236229710559
254.99999999999997, 10.058442414448194
255.99999999999997, 7.801733173800812
257, 8.354356488273595
258, 8.49628659855449
259, 7.675033497776894
260, 6.777657998709969
261, 7.5447265107225405
262, 4.261916828947648
263, 2.6421425737831896
264, 5.618133207791232
265, 5.958915819604243
266, 5.328709458141219
267, 5.329192130458921
268, 5.8054249583572926
269, 5.943068656895605
270, 6.01658643189171
271, 6.908566410466989
272, 5.96992916668836
273, 5.065551106040203
274, 4.418170639822506
275, 4.328582760080707
276, 5.4120506946772196
277, 7.38811700724645
278, 7.451173605992892
279, 6.6150683612238765
280, 7.16863245539227
281, 7.810894880712169
282, 6.83750993768146
283, 8.501751815846205
284, 6.959134272285951
285, 6.828465967532338
286, 6.695061733155256
287, 7.374819833792998
288, 8.427525374285239
289, 5.102892442974451
290, 7.512865036154267
291, 7.758091633201758
292, 7.539121023345729
293, 10.350345724542393
294, 7.412513616526127
295, 6.913005852404098
296, 7.949927339495503
297, 11.309081507028964
298, 17.70351038918784
299, 13.458760038406126
300, 11.568736991490681
301, 15.934784472962576
302, 15.76498272766733
303, 14.62223686350032
304, 9.531718157090182
305, 10.353681937826593
306, 16.71135985248418
307, 14.44161778844358
308, 9.646232032533447
309, 9.477827386290727
310, 10.824540969433542
311, 21.846425471195573
312, 33.8677587893968
313, 36.4654299636513
314, 36.16903900705299
315, 27.801638855077357
316, 25.33434690318444
317, 23.76513695797223
318, 30.828628114543505
319, 38.04170047076147
320, 38.75101806835488
321, 37.885855432626045
322.0000000000001, 35.83670651881417
323.0000000000001, 28.545979090639264
324, 29.5716760188852
325, 52.47913336093143
326, 77.84175405613067
327, 74.20874684782697
328, 66.34545145252625
329, 53.587495388361305
330, 58.963121635537675
331, 65.29231995725547
332.0000000000001, 69.80509532809818
333, 74.86062080275192
334, 69.69845940518837
335, 67.17483163700588
336, 72.36109801452194
337, 75.06234435057705
338, 80.25353140376563
339, 82.31431296515635
340, 76.62794195193663
341, 76.54205340254197
342.0000000000001, 75.99507817019831
343, 73.59087511798158
344, 68.5662242392596
345, 67.02861945323652
346, 72.39285879660667
347, 77.04609619387142
348, 76.03369414502349
349, 74.66447383514141
350, 70.02202906053627
351.0000000000001, 68.00119629439249
352.0000000000001, 61.168258184707014
353, 57.291385085949074
354, 59.72405516795973
355, 62.11254106266932
356, 70.18542890786155
357, 69.82560900865877
358, 64.48191593629265
359, 62.16805551523177
360, 59.79317653054554
361.0000000000001, 59.48901073164356
362.0000000000001, 60.61646282528275
363, 57.243066665057285
364, 54.63339115242199
365, 56.673671178098076
366, 54.907189021806005
367, 65.08944988732944
368, 71.6819724413485
369, 71.20218973497677
370, 67.69237921473274
371.0000000000001, 61.5981107555958
372.0000000000001, 61.60804109541141
373, 64.15332542020073
374, 65.93300997481963
375, 65.11571182647289
376, 67.36978823288267
377, 65.42813040951668
378, 62.80272472909638
379, 65.45690331674847
380, 72.35956982496718
381.0000000000001, 70.46823464069641
382.0000000000001, 67.33719999638548
383, 68.54818442204825
384, 68.94486158603807
385, 70.63521881232809
386, 72.32110741121627
387, 67.90117540363495
388, 62.341628695216
389, 65.251138311731
390, 64.70656980939061
391.0000000000001, 58.96779956739297
392.0000000000001, 56.408099419490696
393, 62.41353931761401
394, 61.88479043019542
395, 58.92161947780468
396, 56.85780630069428
397, 53.007325052836194
398, 53.64201739584365
399, 51.182921603051284
400.0000000000001, 40.837586156989346
401.0000000000001, 36.58270201347267
402, 36.06701551132504
403, 36.724903590850886
404, 36.89747110275775
405, 33.913828328421275
406, 31.615236301110485
407, 32.74410839632077
408, 31.182850643139062
409, 33.64126510321256
410.0000000000001, 37.93010884160063
411.0000000000001, 35.280020238887985
412, 32.059008684349465
413, 27.27219580273683
414, 26.959384942521666
415, 30.395207862676585
416, 36.68644436866225
417, 45.296621324556014
418, 44.95572045694013
419, 41.67977943016854
420.0000000000001, 40.65113670465051
421.0000000000001, 36.36209375747944
422, 32.70884938972962
423, 32.0248992193404
424, 33.29473839813522
425, 31.311729321959774
426, 30.28655488183
427, 28.627102109762177
428, 26.905216073035405
429, 24.88688256484687
430.0000000000001, 24.23601771009561
431.0000000000001, 34.398169403256475
432, 28.242462299386858
433, 28.497274972856786
434, 28.6897229124219
435, 24.28539468625536
436, 22.664930001039835
437, 27.929126245207073
438, 29.216526948496977
439, 28.1896557672668
440.0000000000001, 28.556071769030098
441.0000000000001, 25.729662141061368
442, 22.65152638621302
443, 23.556765949254014
444, 27.174345123558084
445, 29.923985370480267
446, 24.914850640239507
447, 20.646996832537866
448, 25.786576602081396
449.0000000000001, 29.150897725738957
450.0000000000001, 24.87673485269849
451.0000000000001, 24.98928417804737
452, 31.314285530304375
453, 29.495219400858105
454, 25.963640253424728
455, 28.427471292308297
456, 29.624919610368778
457, 29.15907996343614
458, 32.73409916287608
459.0000000000001, 29.570237952069988
460.0000000000001, 26.526183343013685
461, 28.92051260743321
462, 30.32147207306224
463, 25.07535901129546
464, 20.809033087007407
465, 24.607414701634042
466, 29.339284542959234
467, 28.82030430452437
468, 33.83133873581478
469.0000000000001, 31.95680730719883
470.0000000000001, 16.228821356784323
471, 19.510407589377763
472, 25.501257841755688
473, 39.418678369220174
474, 42.821499718253634
475, 39.93184261807373
476, 43.0722868965793
477, 42.2668578956052
478, 41.85456024531712
479.0000000000001, 38.01565587517109
480.0000000000001, 33.796158445660296
481, 40.135757165127046
482, 43.98395227635628
483, 42.27696571438241
484, 41.970680413117634
485, 44.79633879317032
486, 38.23516137554617
487, 27.118389393108714
488, 30.983946249356563
489.0000000000001, 32.6934777922326
490.0000000000001, 28.481492311205557
491, 32.34940410097822
492, 29.400932132677298
493, 23.944530143553465
494, 21.710469495353152
495, 21.787750882685003
496, 25.65434558273617
497, 27.274683176806263
498.0000000000001, 28.680698925550587
499.0000000000001, 27.766057716581855
500.0000000000001, 27.58532803444632
501, 30.60452291440825
502, 26.96700524767536
503, 28.07790280043517
504, 26.154300798024025
505, 26.97472338551802
506, 25.072459204775328
507, 17.66899759290135
508.0000000000001, 6.029621140247087
509.0000000000001, 6.635370145695475
510.0000000000001, 10.482264818267623
511, 11.874466916044497
512, 13.990030537531055
513, 13.018446924886092
514, 14.961391933244073
515, 14.453846322626532
516, 13.301818502350073
517, 13.2918350915877
518.0000000000001, 16.65672905084861
519.0000000000001, 16.340845260975215
520.0000000000001, 15.044772034636196
521, 19.71765043979093
522, 26.02849973125754
523, 26.170250924607245
524, 24.6135892981157
525, 29.603041678494463
526, 32.1027292792989
527, 31.8188170558048
528.0000000000001, 31.070742012829868
529.0000000000001, 28.398563097702635
530, 26.319008677660747
531, 29.375380384590812
532, 30.77783536845797
533, 28.487667144851713
534, 25.967659840244977
535, 27.520815683160293
536, 28.503833730526452
537, 29.631333067119527
538.0000000000001, 29.802968943573774
539.0000000000001, 29.02136676259721
540, 28.92891739638665
541, 29.23405540965487
542, 25.01045631110034
543, 18.625481776355343
544, 17.998917671819214
545, 18.736478089590406
546, 16.619057975720693
547.0000000000001, 20.985607713161755
548.0000000000001, 19.85648045778092
549.0000000000001, 23.259188769292905
550, 29.934915807787064
551, 27.40075825967577
552, 21.72078899569587
553, 24.34340618377189
554, 30.92219079594264
555, 23.87394327949491
556, 19.974433685266263
557.0000000000001, 19.00536528998998
558.0000000000001, 16.989428954211263
559.0000000000001, 15.975675032366865
560, 19.37345472066795
561, 20.464440732725308
562, 17.556520626076804
563, 14.71258997745855
564, 16.026505352482644
565, 14.24063451345927
566, 12.63305177751937
567.0000000000001, 14.341136205079636
568.0000000000001, 20.5399978451251
569.0000000000001, 22.73454201780251
570, 19.27780213053842
571, 16.878919806307948
572, 14.441426169203822
573, 15.838118278076223
574, 19.537171831097794
575, 19.015068743267847
576, 17.74902394813259
577.0000000000001, 14.196701127858432
578.0000000000001, 14.638764062093742
579.0000000000001, 14.947852830595792
580, 14.671123103349402
581, 14.736705350388661
582, 12.293207401920085
583, 11.908635798927321
584, 12.195955644700632
585, 7.173812193329411
586, 6.00775616129954
587.0000000000001, 5.797360354141148
588.0000000000001, 5.901258546453732
589, 5.391493772939839
590, 5.834747557011269
591, 11.578770535075165
592, 18.316919427943162
593, 13.03652068831687
594, 12.319015592467878
595, 13.710374342990178
596.0000000000001, 11.10065190226382
597.0000000000001, 10.341927758943342
598.0000000000001, 11.877790856755468
599, 13.474843061043998
600, 11.095523745684005
601, 7.205186991948381
602, 6.0687580584991
603, 8.47580822907372
604, 10.430476934911638
605, 9.955144965159889
606.0000000000001, 7.560766548650378
607.0000000000001, 8.967518857207125
608.0000000000001, 9.065439692274452
609, 10.052638195516948
610, 11.26131480609962
611, 8.188820751018056
612, 6.117235259550398
613, 6.022111615167802
614, 11.002112395782177
615, 10.566376163293228
616.0000000000001, 8.775344330458665
617.0000000000001, 7.560112039217103
618.0000000000001, 8.350874539559783
619, 9.89027736482592
620, 10.862181498150647
621, 13.401052950684345
622, 12.588663596698666
623, 9.08205952530352
624, 9.658358106705577
625, 9.28890218618207
626.0000000000001, 6.746135878615377
627.0000000000001, 8.305497923192547
628.0000000000001, 8.451939923738621
629, 8.451817660274145
630, 7.595467704763223
631, 8.579749019424725
632, 9.747101108232698
633, 7.571127882076013
634, 7.023004863337746
635, 6.397763742201192
636.0000000000001, 7.887041980189622
637.0000000000001, 9.476661323089928
638.0000000000001, 9.100547207769097
639, 7.9056388030194285
640, 5.792905594014684
641, 10.56907753165595
642, 9.840320845669396
643, 8.754661309230443
644, 7.80811463813572
645.0000000000001, 9.49279972056982
646.0000000000001, 8.784344872501208
647.0000000000001, 10.911584478271266
648.0000000000001, 12.798055744716919
649, 11.649470711737536
650, 10.748604948332144
651, 11.664585751804708
652, 12.975142051025557
653, 14.608373750376131
654, 14.92559267438179
655.0000000000001, 15.021543475638481
656.0000000000001, 15.59302192869825
657.0000000000001, 14.684462275546224
658, 16.318779633294724
659, 15.772989462716765
660, 12.365349777832392
661, 14.964571296476464
662, 22.6317747129375
663, 20.02490369629183
664, 24.018004379040605
665.0000000000001, 26.31677948447276
666.0000000000001, 22.21808185009229
667.0000000000001, 19.38491300321442
668, 20.575122289115484
669.0000000000001, 23.600844818117082
670, 24.464364266077865
671.0000000000001, 26.766788122545762
672, 24.42702851118176
673, 23.12092676099374
674, 24.075045466731382
675, 27.788595929134488
676.0000000000001, 32.07217707155533
677, 33.797595115006374
678.0000000000001, 35.74903397057406
679, 30.44617157120436
680.0000000000001, 26.73944947741549
681, 24.8134130458906
682.0000000000001, 32.7235863649059
683, 37.57079730563001
684, 34.020334988304896
685.0000000000001, 33.41780143686958
686, 32.73600623220233
687.0000000000001, 37.5615492531074
688, 38.20013193472889
689.0000000000001, 36.71915246996933
690, 37.66578459697129
691.0000000000001, 36.01103103897705
692, 33.238839966645514
693, 33.800428633121015
694.0000000000001, 35.55982177228164
695, 38.175459720901415
696.0000000000001, 36.20552530984912
697, 34.56295172816901
698.0000000000001, 36.39951156160875
699, 39.898862492056764
700.0000000000001, 34.70930719045485
701, 33.72130830778137
702.0000000000001, 26.914716782540125
703, 23.97732423205079
704, 31.269522442202998
705.0000000000001, 34.37552543113448
706, 29.91176325412644
707.0000000000001, 26.862290042999035
708, 26.66307716060291
709.0000000000001, 23.127311928009192
710, 24.781898955173716
711.0000000000001, 32.343488570933914
712, 33.27618537825637
713, 28.52014560301984
714.0000000000001, 30.17862329264355
715, 27.148920137381623
716.0000000000001, 26.102556869045912
717, 30.013397161269154
718.0000000000001, 29.226474281660046
719, 30.769268453866744
720.0000000000001, 29.880961586204506
721, 27.19338350035693
722, 26.104490871185845
723, 19.360272870722497
724, 28.555068028590227
725.0000000000001, 37.19784763577991
726, 33.229036797598894
727.0000000000001, 32.997167937446335
728, 28.997627468816887
729.0000000000001, 24.801493580895027
730, 24.494740409102008
731.0000000000001, 27.185035268219366
732, 28.12549705528258
733, 29.937192514623575
734.0000000000001, 25.149303641799264
735, 21.908320543939084
736.0000000000001, 23.528838265497598
737, 20.631583074844855
738.0000000000001, 21.21463768004
739, 23.4931018437359
740.0000000000001, 21.61900982179398
741, 21.520032946928836
742, 21.091136293254465
743.0000000000001, 22.077814574056305
744, 21.734663492152436
745.0000000000001, 21.57227168863406
746, 24.421516753871515
747.0000000000001, 23.62233774356119
748, 23.002837967605075
749.0000000000001, 23.89478571397953
750, 20.059610638160706
751.0000000000001, 16.193301001136234
752, 15.47879221413919
753, 18.302298685206836
754.0000000000001, 19.625954330032982
755, 19.428839122964774
756.0000000000001, 18.93842922360099
757, 22.151966194665107
758.0000000000001, 18.290999003259827
759, 15.477606776246716
760.0000000000001, 19.21978902538379
761, 22.141576788475874
762, 22.30829199334528
763.0000000000001, 22.413440785107298
764, 24.827907834639234
765.0000000000001, 21.245794969632442
766, 20.08857483615958
767.0000000000001, 19.371149671312565
768, 21.625951529373793
769.0000000000001, 20.965327121005373
770, 12.929050741723785
771.0000000000001, 10.838055220959575
772, 12.43203554150756
773, 18.875803422813078
774.0000000000001, 25.466777159450174
775, 28.616291180337413
776.0000000000001, 28.310286605512403
777, 20.822161788369243
778.0000000000001, 21.23873109108044
779, 18.60582656287079
780.0000000000001, 21.171866287111925
781, 22.951894498098
782, 20.591937687286276
783.0000000000001, 21.31678903650618
784, 17.522968971837884
785.0000000000001, 16.075180135091074
786, 13.042083776789298
787.0000000000001, 18.905918168667966
788, 27.407805169205318
789.0000000000001, 27.10757136846283
790, 28.163806641805024
791, 26.400469816217907
792.0000000000001, 29.609346900239615
793, 23.847904938631928
794.0000000000001, 26.292125122368503
795, 32.05440222105324
796.0000000000001, 26.869733530413356
797, 24.4802632495134
798.0000000000001, 18.771427210773567
799, 18.67759737580087
800.0000000000001, 15.483610280320619
801, 17.596540246283894
802, 16.38083314135571
803.0000000000001, 18.22790289896301
804, 21.185718102037953
805.0000000000001, 16.51231603637035
806, 16.991240894479432
807.0000000000001, 13.45832220184954
808, 17.581039240840738
809.0000000000001, 21.750581302460205
810, 19.066811587847013
811, 17.837625744070806
812.0000000000001, 15.648734488007193
813, 14.51493837230015
814.0000000000001, 13.885976920060699
815, 20.155042970180943
816.0000000000001, 28.15847972940847
817, 26.730573385295713
818.0000000000001, 29.157337898493523
819, 27.13096928246412
820.0000000000001, 28.173169736339418
821, 19.46215290676645
822, 18.128757477167284
823.0000000000001, 15.623268453083284
824, 15.990200399519836
825.0000000000001, 15.542323410078211
826.0000000000001, 17.780303882249683
827.0000000000001, 19.134747531696604
828.0000000000001, 15.38230435448358
829.0000000000001, 22.823016648153555
830.0000000000003, 29.634967374804972
831.0000000000001, 27.608914575671236
832.0000000000001, 26.756850748019815
833.0000000000001, 25.378703247716714
834.0000000000001, 23.62577837657389
835.0000000000001, 20.912445790954933
836.0000000000001, 20.590514671062806
837.0000000000001, 22.376038429760342
838.0000000000001, 27.05412288498414
839.0000000000003, 24.088907147746767
840.0000000000001, 23.678046309542452
841.0000000000003, 23.489059398371808
842.0000000000001, 22.72815386300576
843.0000000000001, 24.176103596504987
844.0000000000001, 24.45040856142444
845.0000000000001, 22.445083607605255
846.0000000000001, 25.682692091064837
847.0000000000001, 25.815993135014338
848.0000000000001, 23.07915241855133
849.0000000000001, 22.39361682072561
850.0000000000003, 23.231355873637995
851.0000000000001, 23.266297006373378
852.0000000000001, 21.03291971566526
853.0000000000001, 21.180620393645626
854.0000000000001, 21.87314183224956
855.0000000000001, 22.01150107396279
856.0000000000001, 19.02644509730567
857.0000000000001, 21.30843278757294
858.0000000000001, 22.017094062558698
859.0000000000003, 21.64295024902819
860.0000000000001, 23.143480385809056
861.0000000000003, 21.3969266066658
862.0000000000001, 20.246159888822604
863.0000000000001, 19.4599768125575
864.0000000000001, 22.082266506012587
865.0000000000001, 23.43053387256171
866.0000000000001, 22.11223819153176
867.0000000000001, 20.5558125177279
868.0000000000003, 22.623487090456564
869.0000000000001, 24.738926953793737
870.0000000000003, 23.707251912881503
871.0000000000001, 27.78640314623098
872.0000000000001, 26.491108212815135
873.0000000000001, 27.66205607072237
874.0000000000001, 29.4980879007517
875.0000000000001, 28.55746881888581
876.0000000000001, 28.84008335062674
877.0000000000001, 23.878215468199812
878.0000000000001, 22.614891755282486
879.0000000000003, 24.284680318953235
880.0000000000001, 24.115023207713875
881.0000000000003, 25.701066015353717
882.0000000000001, 30.959506422067733
883.0000000000001, 36.932481020318406
884.0000000000001, 28.72972594188488
885.0000000000001, 23.07513477606463
886.0000000000001, 23.390676979107894
887.0000000000001, 22.782671857021597
888.0000000000003, 23.90840734997431
889.0000000000001, 26.321017052298572
890.0000000000003, 27.776475292167504
891.0000000000001, 27.351109769549367
892.0000000000001, 27.823720479221663
893.0000000000001, 27.329748904784623
894.0000000000001, 24.678476939800277
895.0000000000001, 28.30842120059222
896.0000000000001, 28.603241740927245
897.0000000000001, 26.749870401810966
898.0000000000001, 24.99012835189083
899.0000000000003, 23.373985452928395
900.0000000000001, 20.374076624529067
901.0000000000001, 17.81512352604014
902.0000000000001, 16.068464219563907
903.0000000000001, 15.060360449718445
904.0000000000001, 14.313667611980378
905.0000000000001, 13.46826714916375
906.0000000000001, 11.871858650705093
907.0000000000001, 16.100519147104478
908.0000000000003, 17.962350394891416
909.0000000000001, 13.379319368714249
910.0000000000003, 14.4581318108919
911.0000000000001, 15.58630547433151
912.0000000000001, 15.166966780128632
913.0000000000001, 17.176581151565387
914.0000000000001, 17.42648195799032
915.0000000000001, 17.407635991007936
916.0000000000001, 17.6802530502882
917.0000000000003, 17.1844339619378
918.0000000000001, 16.6906140838486
919.0000000000003, 17.532384719147018
920.0000000000001, 18.217118599443495
921.0000000000001, 20.675516725503968
922.0000000000001, 17.999986351069253
923.0000000000001, 18.263855099369238
924.0000000000001, 14.837061434716475
925.0000000000001, 14.7487428010173
926.0000000000001, 21.536597731250225
927.0000000000001, 23.576389493618677
928.0000000000003, 21.127135796301644
929.0000000000001, 16.505479873530533
930.0000000000003, 12.624952833504011
931.0000000000001, 13.160638297772863
932.0000000000001, 12.5585400478044
933.0000000000001, 12.559879701594355
934.0000000000001, 15.490163206801554
935.0000000000001, 16.836014997132594
936.0000000000001, 17.940830618258843
937.0000000000003, 15.259756708188661
938.0000000000001, 16.722254524428678
939.0000000000003, 17.959860993007197
940.0000000000001, 15.90898387970472
941.0000000000001, 18.60111890388663
942.0000000000001, 16.030478825441463
943.0000000000001, 11.92891519350485
944.0000000000001, 12.10754866505303
945.0000000000001, 15.229350544630421
946.0000000000001, 17.251508754519023
947.0000000000001, 17.133449067418752
948.0000000000003, 13.383907204747317
949.0000000000001, 12.922802872622782
950.0000000000003, 9.694615721800062
951.0000000000001, 12.122832065624237
952.0000000000001, 14.258386335097043
953.0000000000001, 13.107074231541361
954.0000000000001, 12.91157892140663
955.0000000000001, 14.74860529215718
956.0000000000001, 12.883187841462046
957.0000000000003, 8.975550211200982
958.0000000000001, 8.928935131724131
959.0000000000003, 11.109326007729976
960.0000000000001, 13.295010065002458
961.0000000000001, 11.60473190170535
962.0000000000001, 11.391723702386315
963.0000000000001, 12.246878397755097
964.0000000000001, 8.520113310804533
965.0000000000001, 9.680254062609237
966.0000000000003, 9.0282129979515
967.0000000000001, 9.389572101704545
968.0000000000003, 11.625100057620756
969.0000000000001, 12.37843772875516
970.0000000000001, 16.145845288038515
971.0000000000001, 14.636614672976378
972.0000000000001, 15.920160693637996
973.0000000000001, 15.422082809922443
974.0000000000001, 14.496359216218792
975.0000000000001, 12.464866090683756
976.0000000000001, 12.635294114822614
977.0000000000003, 12.691761106277596
978.0000000000001, 10.366114651235506
979.0000000000003, 8.191132081807865
980.0000000000001, 8.054296206880906
981.0000000000001, 9.64437458603652
982.0000000000001, 10.24500789230541
983.0000000000001, 12.777401837752649
984.0000000000001, 16.605146786028882
985.0000000000001, 16.927198663344768
986.0000000000003, 16.878972640657622
987.0000000000001, 13.68388678337584
988.0000000000003, 14.010064053060518
989.0000000000001, 13.330692657462038
990.0000000000001, 13.020652378288645
991.0000000000001, 13.3901881303901
992.0000000000001, 14.729140896450758
993.0000000000001, 14.30321144195213
994.0000000000001, 13.45302681615675
995.0000000000001, 10.751798706831522
996.0000000000001, 9.867654609429536
997.0000000000003, 10.932681637594953
998.0000000000001, 11.179675346751395
999.0000000000003, 8.679546556128543
1000.0000000000001, 10.41697110211112
1001.0000000000001, 12.213034386581057
1002.0000000000001, 12.001459946138908
1003.0000000000001, 11.11240677656653
1004.0000000000001, 9.567352778883048
1005.0000000000001, 9.51985213281796
1006.0000000000003, 13.653268169848019
1007.0000000000001, 15.221002017231115
1008.0000000000003, 14.57071214537126
1009.0000000000001, 12.10174060790115
1010.0000000000001, 11.760641862011681
1011.0000000000001, 11.517841037639641
1012.0000000000001, 10.999245445822083
1013.0000000000001, 13.242580548919335
1014.0000000000001, 13.90789398475144
1015.0000000000003, 11.582307706027052
1016.0000000000001, 14.50788802983601
1017.0000000000003, 16.18831621721037
1018.0000000000001, 13.64766653393454
1019.0000000000003, 11.685965233667815
1020.0000000000001, 12.875913375188958
1021.0000000000001, 16.14230394721318
1022.0000000000001, 16.814478762279748
1023.0000000000001, 14.773051283557152
1024, 11.373955283921504
1025, 12.732406940121706
1026.0000000000002, 14.705903109240666
1027, 15.356658968932152
1028.0000000000002, 19.48704499827491
1029, 16.27974016469733
1030, 11.980382000083296
1031, 11.857015472034021
1032, 11.655721881252276
1033, 16.268433438527467
1034, 19.511210720133647
1035.0000000000002, 23.02903726532284
1036, 19.114880155232584
1037.0000000000002, 15.848427562330016
1038, 14.592801536342762
1039, 20.51588164829093
1040, 32.14295139803099
1041, 29.856295098809454
1042, 24.572650191802353
1043, 25.998865625857377
1044, 22.831807862668654
1045, 19.177244864078972
1046.0000000000002, 22.05424749062189
1047, 25.98376037973145
1048.0000000000002, 24.23385864320943
1049, 22.449054538687193
1050, 19.683380663638644
1051, 21.974533813741715
1052, 20.27253024688585
1053, 27.220606178749733
1054, 45.65907209135776
1055.0000000000002, 46.03222664629013
1056, 45.67759227218957
1057.0000000000002, 44.0459374096837
1058, 46.38687906734599
1059, 45.40870363317748
1060, 35.56582769018381
1061, 39.5495232068635
1062, 34.72945245971712
1063, 34.06044902968516
1064.0000000000002, 29.304060396491735
1065, 32.85789689093622
1066.0000000000002, 31.164100022181287
1067, 29.71764851043349
1068.0000000000002, 30.852729108436364
1069, 41.96440873067873
1070, 57.26658361147429
1071, 50.257255616982235
1072, 48.05363846707084
1073, 45.46970718133974
1074, 41.3243506341107
1075.0000000000002, 53.629242182835156
1076, 43.994843368865446
1077.0000000000002, 34.886860867923176
1078, 36.326092710195084
1079, 40.976927826185516
1080, 41.44902230132925
1081, 31.73710735104433
1082, 34.00941281184855
1083, 36.76132971919843
1084.0000000000002, 43.06917853981602
1085, 40.552925073531924
1086.0000000000002, 35.12258092948531
1087, 36.607104339599516
1088, 40.86712583663211
1089, 53.03400437370121
1090, 57.812972776919196
1091, 53.76320159112481
1092, 47.22575739754626
1093, 47.590604363702454
1094, 42.69582582631426
1095.0000000000002, 44.52253411579146
1096, 51.435026751598315
1097.0000000000002, 54.07832172966229
1098, 59.88356799800181
1099, 67.62761752133787
1100, 69.69894063425112
1101, 57.091060243848474
1102, 48.711104429399825
1103, 75.74785041237472
1104.0000000000002, 73.86527716000514
1105, 69.98896005238653
1106.0000000000002, 73.24381423251856
1107, 75.07416871801405
1108, 62.38925511250558
1109, 66.55876950207498
1110, 78.87633165277616
1111, 77.40119397824056
1112, 89.89136038585792
1113.0000000000002, 98.8616614205081
1114, 110.38692692388356
1115.0000000000002, 108.65380637558906
1116, 102.86897051366124
1117.0000000000002, 94.5815780093751
1118, 94.76931926834496
1119, 89.9619253984407
1120, 93.54778829872525
1121, 91.49775596358728
1122, 84.51351830396725
1123, 92.121031250595
1124.0000000000002, 111.96935518333655
1125, 97.2548442350218
1126.0000000000002, 82.71854305921126
1127, 74.12861200540354
1128, 71.06780584520821
1129, 66.05864047134719
1130, 64.46256280148522
1131, 70.02520183561178
1132, 55.940677237659855
1133.0000000000002, 49.35890092086093
1134, 48.65492163806803
1135.0000000000002, 45.59300514916484
1136, 46.098570137404934
1137.0000000000002, 46.21485390208538
1138, 40.21392862285647
1139, 38.217863052114296
1140, 39.69290018708283
1141, 31.783965336781165
1142, 33.3616479180491
1143, 33.53263156043511
1144.0000000000002, 32.97007549409457
1145, 42.558548206666245
1146.0000000000002, 44.41635775883006
1147, 46.59158180113013
1148, 51.45311930256682
1149, 50.30128255990867
1150, 42.84775047718534
1151, 39.840901428914236
1152, 35.777724898950126
1153.0000000000002, 35.6075002094877
1154, 36.687180741837466
1155.0000000000002, 32.96512747751173
1156, 29.466932217747825
1157, 28.43967543576477
1158, 32.39579148555083
1159, 42.94899075989781
1160, 37.92335268495691
1161, 39.18242875894438
1162.0000000000002, 38.80831685096149
1163, 35.04390612469746
1164.0000000000002, 31.903183595870274
1165, 31.186922107947254
1166.0000000000002, 33.8358488652803
1167, 31.80071767653922
1168, 34.26988058009475
1169, 31.49443825573377
1170, 22.230291867534987
1171, 17.830442892681873
1172, 28.943446150797314
1173.0000000000002, 40.738976106452554
1174, 39.15158998770863
1175.0000000000002, 37.09094379041656
1176, 35.01776285900485
1177, 32.01994176019096
1178, 28.83656020326947
1179, 32.91391391413103
1180, 36.1545772966077
1181, 40.06307530285585
1182.0000000000002, 39.62224525095698
1183, 35.441370379446056
1184.0000000000002, 32.955045408593776
1185, 28.232476846269293
1186.0000000000002, 30.70411067486023
1187, 42.53701565384331
1188, 37.9751403864513
1189, 37.835117102971395
1190, 38.43176023661057
1191, 36.69059747081528
1192, 34.869781193737
1193.0000000000002, 33.38956740804906
1194, 35.215099421164396
1195.0000000000002, 25.82311069153957
1196, 17.184475549396467
1197, 15.798080765392342
1198, 15.752952586402245
1199, 15.692245811328036
1200, 20.092208049688765
1201, 23.794540179580338
1202.0000000000002, 21.61930021921603
1203, 21.96844539976587
1204.0000000000002, 27.018123862922522
1205, 27.30866585590863
1206.0000000000002, 25.51574334128904
1207, 23.664141171711975
1208, 21.37640842603369
1209, 21.28387654901468
1210, 15.898317080955138
1211.0000000000002, 13.447627145576035
1212, 12.600164471818601
1213.0000000000002, 11.886279882962299
1214, 14.10225876511248
1215.0000000000002, 12.181078732597797
1216, 13.006651605927885
1217, 16.442717340854642
1218, 16.75862385454522
1219, 12.62469544415356
1220, 11.863992143701495
1221, 14.050462729492352
1222.0000000000002, 17.64137026848718
1223, 16.42345221681282
1224.0000000000002, 16.150433434812584
1225, 16.678978258536603
1226, 17.890530961736687
1227, 17.354634427671556
1228, 21.664708438729775
1229, 21.82400312907012
1230, 21.42029495390682
1231.0000000000002, 20.373844878839265
1232, 18.56501304860933
1233.0000000000002, 21.305298056033706
1234, 18.94291482522209
1235.0000000000002, 15.342839438716084
1236, 10.045925747272008
1237, 9.582180898042736
1238, 9.17585194282384
1239, 9.78877061790675
1240, 8.134872573146282
1241, 7.3276589850395055
1242.0000000000002, 8.65713828133795
1243, 10.791475767322623
1244.0000000000002, 10.54029946722693
1245, 10.601802858801278
1246, 10.061802421217436
1247, 6.254654270869452
1248, 7.647665174921968
1249, 12.436201886430041
1250, 14.292347785600981
1251.0000000000002, 14.332990139737518
1252, 14.584873768934301
1253.0000000000002, 14.518901000379202
1254, 10.56359567572511
1255.0000000000002, 7.270275496210161
1256, 8.081448467106242
1257, 11.0899710946222
1258, 13.508509982431832
1259, 14.619929652796287
1260.0000000000002, 15.225018130169246
1261, 14.76684280690452
1262.0000000000002, 12.874038680633333
1263, 12.11753264178671
1264.0000000000002, 13.266225752099501
1265, 12.245637578884725
1266, 11.1623708146181
1267, 11.570254852299826
1268, 9.775177599777606
1269, 9.6158996215905
1270, 8.775181915188313
1271.0000000000002, 8.996864252603075
1272, 9.25473990598698
1273.0000000000002, 12.108641430359626
1274, 12.867834104175188
1275.0000000000002, 10.995510040970458
1276, 10.930942009607264
1277, 11.10529832803681
1278, 10.079698016169118
1279, 6.562209438684761
1280.0000000000002, 9.841733083480989
1281, 6.799711154028159
1282.0000000000002, 6.390580102477429
1283, 6.325044214350129
1284.0000000000002, 9.371969045469086
1285, 14.956602877693996
1286, 12.477901299949622
1287, 12.504424234998169
1288, 9.724253344107751
1289, 9.512049799533656
1290, 8.362175878985454
1291.0000000000002, 10.77965307028947
1292, 11.463250049668517
1293.0000000000002, 11.431877664006521
1294, 12.409152895765232
1295, 12.037860820885754
1296, 12.376916079629154
1297, 10.198235220778884
1298, 9.56683473334681
1299, 9.734350482868933
1300.0000000000002, 10.203065318773042
1301, 10.761368033203638
1302.0000000000002, 8.405844324345509
1303, 10.223191502790314
1304.0000000000002, 8.46817582373609
1305, 8.766232224419412
1306, 10.873628486558744
1307, 8.53688097839833
1308, 8.656802544274228
1309.0000000000002, 9.526392840439911
1310, 10.237040082417622
1311.0000000000002, 9.354220823348669
1312, 8.263711454022769
1313.0000000000002, 11.979078053723441
1314, 12.33367112718517
1315, 11.79138451095369
1316, 9.367928204094937
1317, 7.557556472267237
1318, 9.974633964981734
1319, 12.417711457881069
1320.0000000000002, 12.641215915863768
1321, 11.490003911076627
1322.0000000000002, 11.821590204894136
1323, 12.270811401107608
1324.0000000000002, 11.01466470154702
1325, 12.47826561576511
1326, 11.816215714657204
1327, 11.257560657746325
1328, 9.868367350964917
1329.0000000000002, 10.484910116050088
1330, 6.4615758346804455
1331.0000000000002, 8.321355017224107
1332, 7.62316275260946
1333.0000000000002, 8.062341476363798
1334, 11.044926358720232
1335, 12.99608260303367
1336, 12.749527894394305
1337, 11.553816680420198
1338, 9.538545868416122
1339, 9.463418587222975
1340.0000000000002, 9.941342778861838
1341, 14.485582703814089
1342.0000000000002, 11.343872916522713
1343, 10.025091666428182
1344, 9.686771834700636
1345, 10.589323935069075
1346, 10.498540374080903
1347, 8.605781673914493
1348, 8.436812224531991
1349.0000000000002, 8.591426756401376
1350, 10.119518730018626
1351.0000000000002, 10.824700466677058
1352, 7.485136946031076
1353.0000000000002, 7.202945161159505
1354, 11.219064957836252
1355, 14.82147344145966
1356, 12.501876071627095
1357, 9.331289015032013
1358.0000000000002, 9.123983684278926
1359, 9.126640883592444
1360.0000000000002, 8.234410812942599
1361, 12.033254568874298
1362.0000000000002, 14.798814809751548
1363, 12.063276374831815
1364, 12.37449024281716
1365, 11.421872267707528
1366, 10.410334154054368
1367, 12.169941069136627
1368, 10.306805496681477
1369.0000000000002, 10.168224360825803
1370, 11.114502950516169
1371.0000000000002, 10.842373972803358
1372, 11.635913459531736
1373.0000000000002, 14.529047201742827
1374, 10.063760895232349
1375, 10.719735531004545
1376, 9.523457444257957
1377, 11.568841276683088
1378.0000000000002, 11.94283272201119
1379, 9.330261419590926
1380.0000000000002, 11.712951181403525
1381, 10.066716434178971
1382.0000000000002, 9.267248546286169
1383, 11.523442269571177
1384, 11.788024914894152
1385, 17.342719090552748
1386, 10.908879391584918
1387, 7.425687891758912
1388, 7.562743412650889
1389.0000000000002, 13.18911704906074
1390, 18.579349093638314
1391.0000000000002, 21.764299690134095
1392, 23.965187782196807
1393.0000000000002, 19.291597816273224
1394, 18.815868430104956
1395, 17.620528954724392
1396, 21.25117188029816
1397, 26.464718744885317
1398.0000000000002, 27.039716378508416
1399, 29.66780873754024
1400.0000000000002, 24.71466760347019
1401, 21.228818125440426
1402.0000000000002, 18.637498758843805
1403, 21.654676652564973
1404, 26.909975453756175
1405, 24.09039958010564
1406, 25.37028798482038
1407.0000000000002, 26.495877392102244
1408, 21.60839158637208
1409.0000000000002, 16.716150973300586
1410, 18.768603969473332
1411.0000000000002, 28.606898940259583
1412, 23.636421354014004
1413, 20.317908321548657
1414, 21.120477164007895
1415, 26.373612953697005
1416, 34.15108487752721
1417, 42.77956741160861
1418.0000000000002, 38.30899715020644
1419, 34.119648794391
1420.0000000000002, 36.635471530775106
1421, 33.819453305749505
1422.0000000000002, 32.0533875357722
1423, 34.642869384521475
1424, 36.5892788260022
1425, 42.09682649826476
1426, 36.000100209937585
1427.0000000000002, 35.457394640128015
1428, 33.95382515014161
1429.0000000000002, 36.70348343114324
1430, 38.90637046623243
1431.0000000000002, 41.94224540436551
1432, 53.43655994629741
1433, 55.537765185917365
1434, 48.08130907035158
1435, 37.679246125803715
1436, 37.06955654784605
1437, 36.90847159583065
1438.0000000000002, 38.17197594132823
1439, 45.03866806344658
1440.0000000000002, 46.16907882883146
1441, 42.51858266023123
1442.0000000000002, 41.64342156553478
1443, 37.992051539292646
1444, 38.391832497516134
1445, 49.92836051452804
1446, 56.03970165676577
1447.0000000000002, 50.04242088046806
1448, 42.72094036762053
1449.0000000000002, 41.41268022263972
1450, 37.96236813831963
1451.0000000000002, 40.44755172214609
1452, 46.515350923420186
1453, 50.77076269923705
1454, 48.00723429435455
1455, 48.864270062073956
1456.0000000000002, 36.64345583029308
1457, 39.86203506707116
1458.0000000000002, 42.34105007558155
1459, 44.73363728091495
1460.0000000000002, 48.53324960751661
1461, 44.62425738846994
1462.0000000000002, 41.60640247004986
1463, 37.14415453931966
1464, 40.294934432611
1465, 41.24237025707568
1466, 42.10794323630053
1467.0000000000002, 54.67657327322033
1468, 52.708225401949875
1469.0000000000002, 44.694418360698464
1470, 45.796787753249674
1471.0000000000002, 42.41946772529907
1472, 39.11536340408793
1473, 42.199483461855195
1474, 45.66117088830205
1475, 48.53665804608363
1476.0000000000002, 43.691244461127184
1477, 44.45207500319839
1478.0000000000002, 38.81280413538988
1479, 33.48601568684694
1480.0000000000002, 40.99706493140833
1481, 54.896873531745
1482, 43.804101511798436
1483, 32.741326802101725
1484, 30.703657332439008
1485, 29.23085363801647
1486, 26.404395412482017
1487.0000000000002, 39.80956011843537
1488, 53.49574056346967
1489.0000000000002, 33.55850329173117
1490, 26.622463448771583
1491.0000000000002, 25.065986192019068
1492, 25.602016969206716
1493, 29.093856291647796
1494, 30.32021544669047
1495, 34.46310944436493
1496.0000000000002, 34.82434254402639
1497, 30.72910404446887
1498.0000000000002, 31.327711211259526
1499, 36.598690068690885
1500.0000000000002, 39.095976828767604
1501, 42.237823232862354
1502, 47.279820850858954
1503, 35.75297826749684
1504, 34.87437946046062
1505.0000000000002, 28.72005270466508
1506, 25.182066789604562
1507.0000000000002, 23.403416546478155
1508, 30.125382989710346
1509.0000000000002, 37.15994453418752
1510, 30.19103979559881
1511.0000000000002, 30.346025707097652
1512, 25.986673858587466
1513, 23.359538411980907
1514, 21.58261929756509
1515, 23.690930563922024
1516.0000000000002, 31.686756980564468
1517, 27.76172170221028
1518.0000000000002, 29.182095804018815
1519, 21.707949299443385
1520.0000000000002, 17.66119000056321
1521, 16.70922930275114
1522, 27.93730818140753
1523, 38.49601968352678
1524, 32.25217041340636
1525.0000000000002, 32.30791501605643
1526, 18.213095499040406
1527.0000000000002, 18.410666370724897
1528, 18.56947861488726
1529.0000000000002, 28.676481164963803
1530, 33.53291557404589
1531.0000000000002, 28.516942043409074
1532, 29.977099726204642
1533, 26.583567318060062
1534, 20.68668522251832
1535, 20.797867354243323
1536, 36.05680896616724
1537.0000000000002, 46.88487216690419
1538.0000000000002, 34.028178819673855
1539, 36.01160498085811
1540, 28.28220413783015
1541, 21.343341993725517
1542.0000000000002, 22.566269380095974
1543, 26.543331784364568
1544, 32.217070209406444
1545, 30.735949572238837
1546.0000000000002, 34.16901263688361
1547.0000000000002, 35.75375528611819
1548, 27.722917323702205
1549, 23.623210083206317
1550.0000000000002, 30.257754638063915
1551.0000000000002, 35.01966444841426
1552, 28.94515942137602
1553, 27.527695256437198
1554, 27.900457554061006
1555.0000000000002, 24.937032455554203
1556.0000000000002, 19.668134269284707
1557, 23.526187475739135
1558, 26.11734051742158
1559.0000000000002, 26.046840890096775
1560.0000000000002, 28.363358865724535
1561, 28.511883514850098
1562, 27.807849545699753
1563, 26.674725707072156
1564.0000000000002, 24.363425926803814
1565.0000000000002, 26.316062713959354
1566, 31.9985684226273
1567, 33.73075329696411
1568.0000000000002, 30.127808613408973
1569.0000000000002, 32.57076261861546
1570, 30.88151385125562
1571, 28.911362222608233
1572, 25.216091980636435
1573.0000000000002, 20.25957425577255
1574.0000000000002, 19.84826775065997
1575, 23.47537886312429
1576, 28.22760019518421
1577.0000000000002, 24.650304807852507
1578.0000000000002, 33.1594661616368
1579, 27.885097449965713
1580, 27.015836015766865
1581, 26.90965026941177
1582.0000000000002, 20.61156143471331
1583, 21.628682993648
1584, 21.866763013152593
1585, 26.490661534270373
1586.0000000000002, 29.66610137542324
1587.0000000000002, 26.831118084570477
1588, 24.524514282820945
1589, 24.282061876018645
1590.0000000000002, 24.59217960574739
1591.0000000000002, 25.03463825809385
1592, 26.337018958024714
1593, 30.88538727743014
1594, 27.06258642026981
1595.0000000000002, 25.501086377550763
1596.0000000000002, 24.715894943212618
1597, 23.886636818625135
1598, 23.911485176091446
1599.0000000000002, 21.290339771306947
1600.0000000000002, 24.0775812343376
1601, 25.80349565846481
1602, 26.469689267061028
1603, 23.32559727464792
1604.0000000000002, 20.921712815844444
1605.0000000000002, 23.464103562453346
1606, 29.730885264133576
1607, 34.5919612039482
1608.0000000000002, 30.192337080194307
1609.0000000000002, 30.860755175002055
1610, 29.2071999200696
1611, 28.63889967102162
1612, 33.93560753543298
1613.0000000000002, 31.59812046360534
1614.0000000000002, 31.099074396924294
1615, 29.63608515652797
1616, 30.839525509391365
1617.0000000000002, 25.04056573616353
1618.0000000000002, 23.900693907915894
1619, 20.15175622109186
1620, 20.63104009087138
1621, 28.13433295243692
1622.0000000000002, 30.52920932510699
1623.0000000000002, 31.00843428494815
1624, 27.343701880019125
1625, 23.54866836480275
1626.0000000000002, 23.47158046748035
1627.0000000000002, 26.715815039134412
1628, 30.14310213268982
1629, 29.333725145410625
1630, 33.304699520632056
1631.0000000000002, 29.69094819163456
1632, 25.458206432906792
1633, 22.55358067771641
1634, 27.633051668328704
1635.0000000000002, 30.65865467865703
1636.0000000000002, 24.751432806212193
1637, 25.048790596221636
1638, 19.38307721475462
1639.0000000000002, 21.791056513523273
1640.0000000000002, 22.074515369054126
1641, 26.597948800670736
1642, 30.85160000164936
1643, 27.102442091996238
1644.0000000000002, 28.135948602413464
1645.0000000000002, 24.14791125305902
1646, 22.349781782519273
1647, 21.322428124718414
1648.0000000000002, 23.62759280258973
1649.0000000000002, 24.95662258671527
1650, 24.22793483399184
1651, 24.84168758791472
1652, 23.33011873820115
1653.0000000000002, 16.779665607339382
1654.0000000000002, 19.72880128043414
1655, 24.640275997334584
1656, 27.472350917353168
1657.0000000000002, 23.381105291379043
1658.0000000000002, 23.133943414357105
1659, 19.829207611247654
1660, 18.52328200016001
1661, 18.940506584697857
1662.0000000000002, 21.716929845290338
1663.0000000000002, 28.65745557453738
1664, 27.03450410303961
1665, 26.282135445703176
1666.0000000000002, 27.178440130654593
1667.0000000000002, 24.733033975955152
1668, 22.41182359423982
1669, 23.650940582617267
1670, 28.149806623679154
1671.0000000000002, 26.040617310015932
1672.0000000000002, 26.00570635189004
1673, 21.47317950655426
1674, 21.360646654519485
1675.0000000000002, 21.23046711183588
1676.0000000000002, 25.9333432782999
1677, 28.740219744805188
1678, 24.483755624384827
1679, 22.911274889718612
1680.0000000000002, 19.331807643454937
1681, 18.907951948122673
1682, 19.95182749052367
1683, 23.024715597982492
1684.0000000000002, 26.894305102369316
1685.0000000000002, 26.326428481815782
1686, 29.76030302485995
1687, 20.74976005337612
1688.0000000000002, 21.978452757436713
1689.0000000000002, 19.30226891347897
1690, 23.58742140065206
1691, 29.191649638572216
1692, 26.617004012413446
1693.0000000000002, 23.52755517726783
1694.0000000000002, 21.60923879522835
1695, 20.076930733120435
1696, 19.866785964288653
1697.0000000000002, 18.03475621671862
1698.0000000000002, 20.844007888333806
1699, 18.880274385622386
1700, 15.987491576619277
1701, 16.778163275034757
1702.0000000000002, 17.50188205767742
1703.0000000000002, 15.814316901857467
1704, 18.329525754732344
1705, 20.24353483025135
1706.0000000000002, 18.169880663594
1707.0000000000002, 21.642645960759808
1708, 21.22448683216922
1709, 23.67749351749518
1710, 22.31754357813915
1711.0000000000002, 19.839065880816776
1712.0000000000002, 15.11713758108803
1713, 17.0272405305042
1714, 17.130746941642116
1715.0000000000002, 15.153390611647211
1716.0000000000002, 15.543232970867393
1717, 13.173492873091874
1718, 18.20472989049921
1719, 22.18549847257532
1720.0000000000002, 18.77999752867086
1721.0000000000002, 19.85423988283398
1722, 17.462396809985535
1723, 17.842750708563557
1724.0000000000002, 18.250459588232133
1725.0000000000002, 21.267034947621767
1726, 21.684928538344394
1727, 24.816087802975858
1728, 30.44078647172097
1729.0000000000002, 24.970681199155848
1730, 18.522111547362954
1731, 18.011811445104456
1732, 24.63528775816772
1733.0000000000002, 35.42341163019239
1734.0000000000002, 33.6168780223386
1735, 26.253323701792596
1736, 27.53898930601156
1737.0000000000002, 29.84835816203261
1738.0000000000002, 31.103470342192026
1739, 29.79991533404018
1740, 30.380798993504726
1741, 36.111053712433375
1742.0000000000002, 41.1136451723053
1743.0000000000002, 36.81032360733262
1744, 31.199612315075598
1745, 24.122703635210883
1746.0000000000002, 27.7730560329218
1747.0000000000002, 37.62681459931903
1748, 32.512165097791154
1749, 44.9462085144374
1750, 35.77421186842871
1751.0000000000002, 27.52187059901439
1752.0000000000002, 33.19485627446198
1753, 40.25071075987563
1754, 47.52283898737812
1755.0000000000002, 42.84126216469531
1756.0000000000002, 44.22064891891418
1757, 35.01554399672028
1758, 35.1314438684723
1759, 34.81147783849015
1760.0000000000002, 46.28756119231599
1761.0000000000002, 55.76744672949857
1762, 47.32906210462596
1763, 47.12004634132816
1764.0000000000002, 42.24933016613136
1765.0000000000002, 37.50024052320623
1766, 34.37003554482337
1767, 38.12513516745483
1768, 48.10211957621638
1769.0000000000002, 44.591865109491835
1770.0000000000002, 43.453935990129736
1771, 35.41308018781402
1772, 35.422380230635724
1773.0000000000002, 35.38126386303074
1774.0000000000002, 38.784423024267994
1775, 52.9633168598597
1776, 46.79749929652053
1777.0000000000002, 43.7273594268173
1778.0000000000002, 40.45043232100251
1779, 38.512516737371115
1780, 40.99779258012043
1781, 46.93435990615281
1782.0000000000002, 59.03823643822274
1783.0000000000002, 56.97493997813463
1784, 57.91489137901297
1785, 45.62178166673027
1786.0000000000002, 48.63260241267177
1787.0000000000002, 50.26497464151788
1788, 52.10316130903314
1789, 59.16469429000496
1790, 64.75977838358732
1791.0000000000002, 67.4277283257796
1792.0000000000002, 55.60068711789083
1793, 50.52294674292989
1794, 55.55724330544754
1795.0000000000002, 61.58460854032995
1796.0000000000002, 69.44059060515809
1797, 62.271342076302915
1798, 60.73148579734978
1799, 51.8844174267268
1800.0000000000002, 46.505033460687685
1801.0000000000002, 40.212147185843804
1802, 49.48553397505613
1803, 59.87500002584753
1804.0000000000002, 55.59941629303145
1805.0000000000002, 55.691577264494626
1806, 54.517985142749694
1807, 51.714007048872645
1808, 49.2500656203122
1809.0000000000002, 54.03753434617066
1810.0000000000002, 75.70786930208017
1811, 85.26835303837579
1812, 74.83277664208633
1813.0000000000002, 62.107877490444125
1814.0000000000002, 53.978124424733025
1815, 62.80239931940446
1816, 66.62721295369872
1817, 66.38619482470692
1818.0000000000002, 66.50872073989201
1819.0000000000002, 62.52388391223806
1820, 54.081707641200836
1821, 48.55254956606407
1822.0000000000002, 50.9863172919362
1823.0000000000002, 56.30276743564944
1824, 68.1487860202363
1825, 60.00731944850227
1826.0000000000002, 55.76759506247359
1827.0000000000002, 53.06151468935914
1828, 47.980062083260265
1829, 48.00807497624551
1830, 54.66254117020027
1831.0000000000002, 54.41142609609358
1832.0000000000002, 50.65444561564121
1833, 53.40910547489209
1834, 46.98944983530137
1835.0000000000002, 46.145288609251566
1836.0000000000002, 46.231503853823824
1837, 44.623865663889546
1838, 56.230294317882624
1839, 63.031436156052294
1840.0000000000002, 67.67155734010844
1841.0000000000002, 54.88997235961827
1842, 42.467856968163034
1843, 38.35838709708358
1844.0000000000002, 43.99587485625666
1845.0000000000002, 57.58329423407284
1846, 58.492898806238216
1847, 56.624686052661076
1848, 45.39387716964366
1849.0000000000002, 42.90088425572311
1849.9999999999998, 40.39108652190774
1851.0000000000002, 39.950907714893305
1851.9999999999998, 51.14759288811459
1852.9999999999998, 51.32483313785826
1853.9999999999998, 51.48670886605652
1854.9999999999998, 39.29863530071327
1856.0000000000002, 31.189075651489475
1856.9999999999998, 25.56819494512294
1857.9999999999998, 33.753491726907555
1858.9999999999998, 47.805234438578765
1860.0000000000002, 44.4780336498667
1860.9999999999998, 44.81216129077731
1861.9999999999998, 40.991144294592516
1862.9999999999998, 38.118782116078805
1863.9999999999998, 35.548537030166216
1864.9999999999998, 39.36670329556402
1865.9999999999998, 45.97710535842046
1866.9999999999998, 41.89128584300079
1867.9999999999998, 42.709287932462956
1869.0000000000002, 32.349270945322615
1869.9999999999998, 28.946283528048326
1870.9999999999998, 32.43213527609389
1871.9999999999998, 40.1102423474691
1872.9999999999998, 52.05655551822758
1873.9999999999998, 34.84450851285402
1874.9999999999998, 25.336447199785567
1875.9999999999998, 21.22247447230143
1876.9999999999998, 19.96875317554023
1878.0000000000002, 33.09623077753912
1878.9999999999998, 40.75869600469551
1879.9999999999998, 47.086371380996624
1880.9999999999998, 49.509348357310444
1881.9999999999998, 52.88727065448734
1882.9999999999998, 44.4121955574569
1883.9999999999998, 42.72195892129821
1884.9999999999998, 36.771352198673895
1885.9999999999998, 42.702847733790264
1887.0000000000002, 50.53761217102863
1887.9999999999998, 49.49410602238676
1888.9999999999998, 43.729086212429976
1889.9999999999998, 32.859795551036854
1891.0000000000002, 31.491377348685262
1891.9999999999998, 31.099357843335355
1892.9999999999998, 32.21482697096533
1893.9999999999998, 41.59684190112149
1894.9999999999998, 40.95767979130184
1896.0000000000002, 41.12821743623226
1896.9999999999998, 30.188226265925778
1897.9999999999998, 27.845421309200304
1898.9999999999998, 24.118420550877715
1900.0000000000002, 31.327644863527922
1900.9999999999998, 42.1113782473942
1901.9999999999998, 34.79285869331244
1902.9999999999998, 33.51616495410801
1903.9999999999998, 25.574652479049348
1905.0000000000002, 22.16810095740044
1905.9999999999998, 25.67455801847413
1906.9999999999998, 30.874440838993365
1907.9999999999998, 47.07140999088128
1909.0000000000002, 45.07184776070628
1909.9999999999998, 41.635334548022115
1910.9999999999998, 33.55486029170322
1911.9999999999998, 31.35934983502395
1912.9999999999998, 31.4412699560381
1913.9999999999998, 37.83183990091999
1914.9999999999998, 43.898547430902426
1915.9999999999998, 36.49432322192389
1916.9999999999998, 38.54989779375043
1918.0000000000002, 35.8725531633109
1918.9999999999998, 26.1424648404072
1919.9999999999998, 23.999542213918687
1920.9999999999998, 29.407896223542963
1921.9999999999998, 32.08584196575214
1922.9999999999998, 31.73475283242874
1923.9999999999998, 33.720189172967196
1924.9999999999998, 29.947450489221524
1925.9999999999998, 29.640902790592236
1927.0000000000002, 29.786201375861395
1927.9999999999998, 34.11621216961032
1928.9999999999998, 50.94725727816015
1929.9999999999998, 48.56104440309625
1931.0000000000002, 40.42475701632361
1931.9999999999998, 42.80069618437413
1932.9999999999998, 31.66967407797469
1933.9999999999998, 37.16802144497575
1934.9999999999998, 44.58199845320303
1936.0000000000002, 42.70127449011565
1936.9999999999998, 29.776001519892446
1937.9999999999998, 25.49741532770949
1938.9999999999998, 24.343463357975253
1940.0000000000002, 27.946923735404937
1940.9999999999998, 29.762732509553047
1941.9999999999998, 29.916442087572307
1942.9999999999998, 32.551981262415836
1943.9999999999998, 31.483486255479193
1945.0000000000002, 31.829656522949193
1945.9999999999998, 36.79074432387014
1946.9999999999998, 40.36746856458191
1947.9999999999998, 45.773751821802534
1949.0000000000002, 43.92986449807317
1949.9999999999998, 39.947602703750164
1950.9999999999998, 39.67955328682862
1951.9999999999998, 43.94072987491569
1952.9999999999998, 58.880597529600976
1954.0000000000002, 52.676387360132054
1954.9999999999998, 38.17237937426026
1955.9999999999998, 35.57625560698503
1956.9999999999998, 39.524158573102426
1958.0000000000002, 49.24051680983632
1958.9999999999998, 41.70420131768222
1959.9999999999998, 37.495299156493246
1960.9999999999998, 39.19352212190813
1961.9999999999998, 44.7192862098365
1962.9999999999998, 41.42855563190345
1963.9999999999998, 50.44160755338122
1964.9999999999998, 47.715678868154754
1965.9999999999998, 49.14429318208056
1967.0000000000002, 47.54810613470549
1967.9999999999998, 44.187683283074705
1968.9999999999998, 41.911824525627026
1969.9999999999998, 46.46725358402607
1970.9999999999998, 53.66556052695614
1971.9999999999998, 51.518342044213554
1972.9999999999998, 50.582217868412584
1973.9999999999998, 38.91348525576355
1974.9999999999998, 42.66099360547099
1976.0000000000002, 44.412539322615885
1976.9999999999998, 35.661674424523895
1977.9999999999998, 36.685569406165726
1978.9999999999998, 38.01555154520601
1980.0000000000002, 46.94131580747225
1980.9999999999998, 53.34499136878591
1981.9999999999998, 47.80460236067279
1982.9999999999998, 40.85320619191074
1983.9999999999998, 46.072239070910996
1985.0000000000002, 54.56005967003071
1985.9999999999998, 49.55117930920429
1986.9999999999998, 48.13216780493627
1987.9999999999998, 49.89673770085702
1989.0000000000002, 49.869741715221636
1989.9999999999998, 46.49677607288528
1990.9999999999998, 49.55423772694671
1991.9999999999998, 49.861735088924405
1992.9999999999998, 46.50641716095268
1994.0000000000002, 43.04116410287929
1994.9999999999998, 45.551300104335624
1995.9999999999998, 41.26531699656512
1996.9999999999998, 37.80540392614526
1998.0000000000002, 36.221344398919825
1998.9999999999998, 42.59656312801597
1999.9999999999998, 51.721008041469844
2000.9999999999998, 44.254592372802165
2001.9999999999998, 40.51789755523984
2003.0000000000002, 37.571818217615586
2003.9999999999998, 39.36141430974152
2004.9999999999998, 38.20245880574855
2005.9999999999998, 38.32528241805885
2007.0000000000002, 38.02596379424253
2007.9999999999998, 41.13900619873766
2008.9999999999998, 32.29174985445832
2009.9999999999998, 27.47470578399418
2010.9999999999998, 34.337908051622435
2011.9999999999998, 34.803766734587896
2012.9999999999998, 45.40224935372481
2013.9999999999998, 50.10767354754395
2014.9999999999998, 47.51050267007166
2016.0000000000002, 45.394605972314665
2016.9999999999998, 45.69989300331707
2017.9999999999998, 40.60533041366398
2018.9999999999998, 44.12091574959818
2019.9999999999998, 49.52245535902995
2020.9999999999998, 42.158513439790596
2021.9999999999998, 41.09881234202038
2022.9999999999998, 44.32376555926804
2023.9999999999998, 42.71183128254411
2025.0000000000002, 41.369061597016554
2025.9999999999998, 42.165616059035415
2026.9999999999998, 40.53993120861166
2027.9999999999998, 40.88988695710077
2029.0000000000002, 42.61872777938859
2029.9999999999998, 35.599599712030226
2030.9999999999998, 33.463423669213796
2031.9999999999998, 25.873755442282686
2032.9999999999998, 25.3165904799242
2034.0000000000002, 38.43120355396002
2034.9999999999998, 46.4527389001141
2035.9999999999998, 42.49293792559307
2036.9999999999998, 37.17426920686566
2038.0000000000002, 34.02057090132499
2038.9999999999998, 32.4582716127282
2039.9999999999998, 35.07070757109568
2040.9999999999998, 42.100139671087334
2041.9999999999998, 37.17699123925058
2043.0000000000002, 33.41625847699606
2043.9999999999998, 37.624122296555754
2044.9999999999998, 37.689326582397
2045.9999999999998, 37.96079194947799
2047.0000000000002, 41.49500766580731
2047.9999999999998, 39.05819278433782
2049, 33.0830988149668
2050, 37.109268054679205
2051, 35.34154211327609
2052.0000000000005, 31.134296363170677
2053, 28.379762053014957
2054, 31.809103605378766
2055, 47.605211940019444
2056.0000000000005, 47.317278209873024
2057, 35.72883732644917
2058, 38.49375768624536
2059, 39.69626980531456
2060, 34.8830293279979
2061, 32.943711229785094
2062, 41.2884184748207
2063, 39.26260359694855
2064, 35.01066266661677
2065.0000000000005, 39.0536713590233
2066, 40.83738091179333
2067, 40.10088719260247
2068, 41.81976995050921
2069.0000000000005, 45.16389233561446
2070, 40.27557688772089
2071, 42.5162061770945
2072, 41.42684805364587
2073, 40.42098777062674
2074.0000000000005, 37.16173811105655
2075, 37.427189862222605
2076, 39.29225439108211
2077, 27.453668203694434
2078.0000000000005, 24.22751055546138
2079, 30.92076137035272
2080, 32.33322231592227
2081, 29.18032443148647
2082, 30.57301021903382
2083.0000000000005, 43.39964259138132
2084, 46.520280038005126
2085, 44.67458802181645
2086, 40.08555116378338
2087.0000000000005, 33.301715456170854
2088, 36.06578411141692
2089, 49.387020881313475
2090, 52.70489359756937
2091, 46.100390624190695
2092.0000000000005, 42.016583228826235
2093, 34.35727167079051
2094, 35.54933717203137
2095, 43.23186337429617
2096.0000000000005, 38.92297371168371
2097, 48.90140583746751
2098, 56.76066759990654
2099, 44.73369620669911
2100, 48.36692524814373
2101.0000000000005, 53.78049230426436
2102, 46.02995611781941
2103, 41.51929386236651
2104, 47.20640915949008
2105.0000000000005, 54.004687783788256
2106, 43.825776746173744
2107, 51.79250169078749
2108, 47.143939254950425
2109, 40.87280658407573
2110, 42.86793707028039
2111, 57.432313390161
2112, 53.74328277143607
2113, 61.22001956032693
2114.0000000000005, 54.28456124229834
2115, 44.26924139508829
2116, 43.5874217393756
2117, 50.66589263953337
2118.0000000000005, 56.27707018390146
2119, 59.28041994017873
2120, 66.90912903311063
2121, 57.515736676412786
2122, 45.13328321903431
2123.0000000000005, 40.7270037033298
2124, 47.05698389436225
2125, 58.308049447602826
2126, 54.2811862698415
2127.0000000000005, 60.043820439916104
2128, 53.401992757156904
2129, 52.88778266825133
2130, 53.56843159954916
2131, 58.80878028869677
2132.0000000000005, 68.70388028294066
2133, 59.52257775840471
2134, 60.02040800616439
2135, 51.56958651055851
2136.0000000000005, 49.61253824172478
2137, 50.60350501540046
2138, 51.9227558776485
2139, 59.41683110959363
2140, 55.93664930609202
2141.0000000000005, 55.45261913766295
2142, 50.057684603448735
2143, 46.04361194892732
2144, 40.566215987971276
2145.0000000000005, 51.41385249410763
2146, 68.8695701442635
2147, 70.03258205350032
2148, 64.97529892966395
2149, 45.73747336629546
2150.0000000000005, 47.98464031209531
2151, 48.19678163089216
2152, 55.396538672256895
2153, 66.25990517578704
2154.0000000000005, 65.65784312125831
2155, 65.87949550203068
2156, 59.83073239625381
2157, 52.88160680446816
2158, 54.67637231257309
2159, 58.064623924391356
2160, 66.67794227901378
2161, 57.4089914901855
2162, 58.41279470109208
2163.0000000000005, 57.65951075225797
2164, 57.910732818036394
2165, 57.34323266623667
2166, 59.198620311245975
2167.0000000000005, 79.3261347273146
2168, 76.65404437617238
2169, 69.65389901634437
2170, 59.57401100708944
2171, 58.623146118260635
2172.0000000000005, 57.24400707509848
2173, 59.21606847510404
2174, 65.08661718547917
2175, 73.93972907100182
2176.0000000000005, 73.81678948019423
2177, 69.80108344018652
2178, 69.65629931670986
2179, 61.57273814725397
2180, 60.91867268300081
2181.0000000000005, 80.90384363519608
2182, 79.23807201665828
2183, 75.29704590779015
2184, 64.7150934610786
2185.0000000000005, 50.691704491524916
2186, 52.17247281878318
2187, 66.68435596772305
2188, 76.65998087488329
2189, 72.20817869604613
2190.0000000000005, 69.19635262840268
2191, 61.72734650907036
2192, 49.524448468349235
2193, 53.458822742884024
2194.0000000000005, 61.89762165715385
2195, 54.292540182852946
2196, 52.31711061139522
2197, 59.36418631783829
2198, 56.36220722493138
2199.0000000000005, 60.89978403136284
2200, 59.107397420778824
2201, 69.64569404441845
2202, 87.05697687731696
2203.0000000000005, 79.98817131814256
2204, 68.11574326196562
2205, 66.82943601528505
2206, 55.25837201278088
2207, 57.5828936137505
2208, 61.70336128625743
2209, 69.09298435898418
2210, 66.8823104110844
2211, 54.13538738673441
2212.0000000000005, 50.316025624608244
2213, 54.47756329423848
2214, 58.415328667561226
2215, 56.46586918013888
2216.0000000000005, 72.90405273920649
2217, 66.58856901187492
2218, 67.96398757280346
2219, 66.74245885420162
2220, 50.13243508006198
2221.0000000000005, 58.09781199638833
2222, 60.167291702584805
2223, 76.4680101543056
2224, 84.0723626940579
2225.0000000000005, 80.13531708461339
2226, 69.86220876074022
2227, 66.05546762315066
2228, 66.68271308852368
2229, 73.33224116546049
2230.0000000000005, 78.9189778951121
2231, 83.12982047774581
2232, 71.19291165718104
2233, 70.99422375501615
2234.0000000000005, 65.97928710058744
2235, 70.29225051099834
2236, 73.9792193483826
2237, 76.31643915486703
2238, 72.28697085064054
2239.0000000000005, 71.40555033165661
2240, 75.59819768217493
2241, 77.19096412245435
2242, 64.98636551771592
2243.0000000000005, 61.21434976366889
2244, 60.68025419046403
2245, 55.443253614009436
2246, 65.52316302116057
2247, 69.15089888661814
2248.0000000000005, 64.6146443220706
2249, 61.429491837999194
2250, 60.68646657608048
2251, 58.47689396294086
2252.0000000000005, 60.87126484809147
2253, 56.393477767147616
2254, 60.2335443017009
2255, 63.01457320886897
2256.0000000000005, 61.11476739211291
2257, 60.34781928185615
2258, 65.76446656459805
2259, 71.44468483118793
2260, 66.28597722579438
2261.0000000000005, 63.87429426198294
2262, 59.96993163385994
2263, 59.50944165050859
2264, 62.61273609951601
2265.0000000000005, 70.73130125942376
2266, 75.88259202907204
2267, 75.09684078475189
2268, 75.63288549726451
2269, 71.83203821977781
2270.0000000000005, 68.03196165877009
2271, 67.07833974579411
2272, 67.27538236598573
2273, 63.68328933796468
2274.0000000000005, 58.98136208484925
2275, 50.31032825222559
2276, 49.30902682367497
2277, 52.839210355670076
2278, 57.252725386416444
2279.0000000000005, 60.58724916729318
2280, 56.12984792553759
2281, 65.64635844042098
2282, 61.62945659683513
2283.0000000000005, 44.41051595745759
2284, 46.08331248990217
2285, 43.92906009858734
2286, 38.39324610370795
2287, 40.90646324408772
2288.0000000000005, 40.425969506100245
2289, 39.44735073282945
2290, 35.6901840557627
2291, 37.98571805722031
2292.0000000000005, 41.091076361067365
2293, 45.98901776080078
2294, 46.4742591564966
2295, 48.91345697242119
2296, 57.84774068420282
2297.0000000000005, 56.967076631906494
2298, 57.41790858980369
2299, 46.51065265197896
2300, 45.04996608900089
2301.0000000000005, 41.003196654445816
2302, 40.77150102556354
2303, 33.378989643685486
2304, 37.315339875882515
2305.0000000000005, 36.38115584938761
2306, 35.19038790300796
2307, 41.06086831605623
2308, 45.28620846730257
2309, 37.184538136714295
2310.0000000000005, 39.792635257301896
2311, 44.12058730795869
2312, 48.645459508577716
2313, 56.343443698463716
2314.0000000000005, 60.79588765682013
2315, 61.26905821534777
2316, 69.19322520137221
2317, 61.94278270111427
2318, 44.01646250133044
2319.0000000000005, 41.5842286488722
2320, 59.137036177970444
2321, 63.66022151506738
2322, 62.10233316501389
2323.0000000000005, 59.50899673228082
2324, 58.425540561027304
2325, 50.154791685911604
2326, 52.14693355133785
2327, 61.33889401433265
2328.0000000000005, 65.70948841192286
2329, 61.79080949548204
2330, 58.72470529471788
2331, 56.261360275665794
2332.0000000000005, 34.18211962995434
2333, 38.2875874849837
2334, 46.86644861899286
2335, 50.12282553461236
2336, 55.10219742286526
2337.0000000000005, 32.82742215232365
2338, 36.50163219214495
2339, 26.20089899984768
2340, 22.617576192036154
2341.0000000000005, 35.14554581804833
2342, 54.51970554440382
2343, 40.23752024443553
2344, 39.436896287932214
2345, 39.56640591624634
2346.0000000000005, 47.74640822400394
2347, 52.78894696628106
2348, 52.42761394042901
2349, 51.30662409157554
2350.0000000000005, 45.599677873826124
2351, 28.949878223035142
2352, 31.496145809701744
2353, 42.2346668506236
2354.0000000000005, 46.10718393988168
2355, 48.347689696386624
2356, 53.69421415577915
2357, 39.78259072358914
2358, 38.88879112374789
2359.0000000000005, 49.63713108821216
2360, 57.96959877283287
2361, 45.068870736245685
2362, 38.971091747457734
2363.0000000000005, 42.65235000925475
2364, 40.65191498992644
2365, 55.0458297812073
2366, 45.71230873937074
2367, 32.24797587474245
2368.0000000000005, 31.37601813779699
2369, 29.35725937305247
2370, 36.95422725320199
2371, 37.65929091184175
2372.0000000000005, 44.60664182208086
2373, 40.625797118914846
2374, 39.45152135251186
2375, 32.48418386519401
2376, 31.20765887564724
2377.0000000000005, 40.88119150695796
2378, 45.6644694995406
2379, 41.90196279535391
2380, 44.04362095866422
2381.0000000000005, 31.719440818676645
2382, 27.43651472726893
2383, 31.747093620880236
2384, 39.70143869487232
2385, 37.35991426444872
2386.0000000000005, 40.17401795073866
2387, 46.547053885006775
2388, 47.5023508598409
2389, 39.528379193483374
2390.0000000000005, 35.74013617416614
2391, 32.643806012758475
2392, 31.12140892464768
2393, 37.864817381091
2394, 36.4448026558273
2395.0000000000005, 33.9635526859781
2396, 37.32001134624991
2397, 34.29175090612105
2398, 33.494419958025574
2399.0000000000005, 27.549907053979013
2400, 30.642432743829318
2401, 26.878275659389743
2402, 37.41605465435154
2403.0000000000005, 24.88046549254065
2404, 20.92704805270236
2405, 22.38478237639444
2406, 30.97892853559611
2407, 33.07883646635844
2408.0000000000005, 29.681685390171793
2409, 29.413307880263318
2410, 24.74792717126863
2411, 28.03675980892379
2412.0000000000005, 36.30586864991946
2413, 33.00491163434097
2414, 39.11661537396344
2415, 34.84644795294378
2416, 24.516454255766348
2417.0000000000005, 17.277259305179456
2418, 22.108396992877715
2419, 42.24384292250639
2420, 42.679915762700276
2421.0000000000005, 30.38454718090432
2422, 24.418900591645325
2423, 26.01393170900991
2424, 18.30201770926726
2425, 24.21251623393215
2426.0000000000005, 39.98456056485003
2427, 38.258614435400375
2428, 30.460203169479996
2429, 23.87628993688068
2430.0000000000005, 29.750373908434483
2431, 36.19320318572019
2432, 33.856858481528974
2433, 27.91029337700826
2434, 24.7770610335958
2435.0000000000005, 23.56044691285635
2436, 26.77006826855387
2437, 22.75141593034084
2438, 16.09077963373278
2439.0000000000005, 23.729772674876074
2440, 36.546365693007274
2441, 33.64671150128285
2442, 31.396446867371736
2443.0000000000005, 32.217158864498884
2444.0000000000005, 27.53593146845614
2445, 20.75796873905088
2446, 22.66484690680406
2447, 26.650216388501462
2448.0000000000005, 28.121194137066226
2449, 30.283318321862026
2450, 28.113577610114135
2451, 25.63625444409979
2452.0000000000005, 25.599691219093984
2453, 28.476191089128264
2454, 32.09805443360281
2455, 29.21205233119352
2456, 28.674045402353812
2457.0000000000005, 28.321423437495753
2458, 20.468196624784355
2459, 21.830710002875975
2460, 26.685633706974045
2461.0000000000005, 28.56084224416861
2462, 29.276658905867265
2463, 27.134814764888034
2464, 28.8074427354166
2465, 22.679020616193867
2466.0000000000005, 17.705051757777284
2467, 26.964206221516548
2468, 37.51875749484935
2469, 26.703705132665874
2470.0000000000005, 21.59991720906649
2471, 20.54647754104309
2472, 24.497276174701284
2473, 30.884195915637605
2474, 30.560028773949114
2475.0000000000005, 37.71082501790498
2476, 36.609344507030855
2477, 42.94505851316231
2478, 32.64603476158783
2479.0000000000005, 21.104682290555132
2480, 23.045670825078815
2481, 29.814911160609654
2482, 41.68604983604325
2483, 37.31308558729245
2484.0000000000005, 39.545857253166474
2485, 37.47233866802232
2486, 25.138984571094994
2487, 25.730028960027056
2488.0000000000005, 38.7876908567157
2489, 47.999787036859985
2490, 37.23748244303508
2491, 37.517347877819645
2492.0000000000005, 28.226430413047666
2493.0000000000005, 23.147707998162076
2494, 27.982578799462914
2495, 33.10801316414859
2496, 46.929876620266484
2497.0000000000005, 55.47771993165345
2498, 55.93871617392273
2499, 47.47686238790581
2500, 37.112068901609774
